ISBN13,Id,Format,Price
9781409580454,9781409550570,Hardback,"Rs1,525.51"
9781447240204,9781509862658,Paperback,Rs968.73
9781447240204,9781509894185,Board book,"Rs1,105.04"
9781447210856,9781509862733,Paperback,Rs947.14
9781447210856,9781509894178,Board book,"Rs1,206.16"
9781780656199,9781803374451,Paperback,Rs906.22
9781481435857,9781534413948,Hardback,"Rs2,440.41"
9781405217880,9781405282000,Paperback,Rs514.58
9780749717780,9781509804788,Paperback,Rs663.06
9780749717780,9781509830381,Board book,Rs933.46
9780749717780,9781405050524,CD-Audio,Rs418.29
9780749717780,9781405004763,Hardback,"Rs1,482.02"
9781407115597,9781407170763,Paperback,Rs735.32
9781407115566,9781407170763,Paperback,Rs735.32
9781407124377,9781407170732,Paperback,Rs574.19
9780241255162,9780241255193,CD-Audio,Rs500.78
9780241255162,9780399554131,Hardback,"Rs1,254.04"
9780007236336,9781408410059,CD-Audio,Rs567.57
9780141501765,9780141369303,Paperback,Rs867.66
9781407109275,9781407170701,Paperback,US$16.55
9781407109275,9781407109244,Hardback,US$13.33
9780333710937,9780142403877,Paperback,Rs652.68
9780333710937,9780803730472,Board book,Rs914.13
9780333710937,9780333710920,Hardback,"Rs1,184.51"
9780333710937,9781405005180,CD-Audio,Rs416.98
9780007347056,9780008433543,Board book,Rs963.08
9781405034692,9780142411384,Paperback,Rs761.50
9781405034692,9781509830428,Board book,Rs952.46
9781408828007,9780062347466,Board book,"Rs1,084.01"
9781408828007,9781408828014,Paperback,Rs831.92
9781408828007,9780062017819,Hardback,"Rs2,219.12"
9781444937329,9781444937336,Paperback,Rs781.12
9780333493595,9781509862597,Paperback,Rs863.29
9780333493595,9781529006513,Board book,"Rs1,029.54"
9781406304589,9781406357172,Hardback,Rs900.76
9781408849828,9781526620194,Board book,"Rs1,194.55"
9781846168840,9781408351543,Board book,"Rs1,004.47"
9781406300390,9781406358780,Board book,Rs790.47
9781406300390,9781406342864,Paperback,Rs426.03
9781406300390,9781406334241,Hardback,Rs832.18
9781408330036,9780316187480,Hardback,"Rs1,922.79"
9780141332888,9780141378275,Paperback,Rs998.39
9780141332888,9780763690816,Hardback,"Rs2,163.25"
9780230743083,9780330522762,Paperback,"Rs1,017.82"
9780399165337,9780399172069,Board book,Rs845.63
9780140569322,9780241003008,Board book,Rs680.89
9780140569322,9780399208539,Hardback,"Rs2,132.08"
9781406300741,9780763635046,Hardback,"Rs1,810.36"
9781405090223,9781442420038,Board book,"Rs1,240.86"
9781405090223,9781509836628,Paperback,Rs961.99
9781405090223,9781416939993,Hardback,"Rs1,979.32"
9780099408390,9780370007724,Hardback,"Rs1,643.45"
9780571365609,9780571365586,Hardback,"Rs1,954.77"
9780571365609,9780571369133,Board book,Rs937.66
9781788000864,9781788005418,Paperback,Rs949.30
9781788000864,9781788007641,Board book,Rs980.54
9780230015838,9781509841288,Paperback,Rs959.30
9780230015838,9781509841202,Board book,"Rs1,080.77"
9780230015838,9781416954576,Hardback,"Rs2,319.18"
9780141382098,9780141500515,Paperback,Rs815.71
9780007120178,9780007120185,Paperback,"Rs1,026.74"
9781841215839,9781408300046,Paperback,Rs873.56
9781841215839,9781408335468,Hardback,"Rs1,501.05"
9780007494002,9780008131814,Paperback,"Rs1,003.07"
9780007494002,9780008215873,Board book,"Rs1,321.47"
9780857631671,9780857634344,Board book,"Rs1,094.01"
9780340779163,9781408314807,Paperback,Rs972.74
9781849937801,9781728234069,Hardback,"Rs1,371.96"
9781472327499,9781474856584,Hardback,Rs817.30
9781472349446,9781474826990,Paperback,"Rs1,059.55"
9781406319354,9781406382372,Board book,Rs678.02
9780744567847,9780689819865,Board book,"Rs1,002.33"
9781406380903,9781406376791,Hardback,"Rs2,285.52"
9781406380903,9781406384086,Paperback,Rs895.37
9780723263586,9780723290926,Paperback,"Rs1,053.67"
9781447282785,9781481480697,Board book,Rs751.73
9781447209959,9781447266143,Paperback,Rs935.03
9781406358780,9781406342864,Paperback,Rs426.03
9781406358780,9781406334241,Hardback,Rs832.18
9781406319262,9781406358780,Board book,Rs790.47
9781406319262,9781406342864,Paperback,Rs426.03
9781406319262,9781406334241,Hardback,Rs832.18
9781406381573,9781406352320,Hardback,"Rs1,559.85"
9781406381573,9781406373226,Paperback,Rs988.82
9780723263654,9780141343778,Paperback,"Rs1,045.59"
9781406331264,9781406319569,Paperback,Rs936.97
9781406331264,9780152060572,Hardback,"Rs1,916.39"
9780241137857,9780399218859,Hardback,"Rs2,576.22"
9780241137857,9780593432327,Paperback,Rs479.05
9780241137857,9784032371307,Board book,"Rs4,596.09"
9780141381138,9780141330969,Paperback,Rs671.81
9781407171593,9781407121611,Paperback,Rs812.47
9781447273431,9781529023541,Board book,"Rs1,020.07"
9781405053105,9781509806966,Board book,Rs904.44
9781447273424,9781529023534,Board book,Rs959.83
9781447273417,9781529023527,Board book,"Rs1,020.07"
9781447285502,9781509862733,Paperback,Rs947.14
9781447285502,9781509894178,Board book,"Rs1,206.16"
9781471163746,9781416917052,Paperback,Rs705.60
9781405283342,9780749748937,Paperback,Rs810.06
9781405283342,9780755503674,Board book,"Rs1,047.26"
9780333965689,9780142403877,Paperback,Rs652.68
9780333965689,9780803730472,Board book,Rs914.13
9780333965689,9780333710920,Hardback,"Rs1,184.51"
9780333965689,9781405005180,CD-Audio,Rs416.98
9780230760219,9781509804788,Paperback,Rs663.06
9780230760219,9781509830381,Board book,Rs933.46
9780230760219,9781405050524,CD-Audio,Rs418.29
9780230760219,9781405004763,Hardback,"Rs1,482.02"
9780230757370,9781529051407,Paperback,Rs984.91
9780230757370,9781529082166,Board book,"Rs1,102.34"
9781788002516,9780857638748,Paperback,"Rs1,012.15"
9781788002516,9780857636355,Hardback,"Rs1,302.23"
9781407139326,9781407170732,Paperback,Rs574.19
9781407139326,9781407124377,Hardback,"Rs1,560.71"
9781471122149,9780857072658,Paperback,Rs920.82
9781471122149,9781442485129,Hardback,"Rs2,236.89"
9781405051286,9781509812530,Paperback,Rs670.53
9781405051286,9781509830374,Board book,Rs996.06
9781405051286,9780333961445,Hardback,"Rs1,568.31"
9781405051286,9781405050500,CD-Audio,Rs435.13
9781406335842,9781536200720,Paperback,Rs639.79
9781406335842,9781455845521,CD-Audio,Rs686.67
9781406335842,9780763648602,Hardback,"Rs1,578.84"
9781406335880,9781536200775,Paperback,Rs660.05
9781406335880,9781455879472,CD-Audio,Rs670.47
9781406335880,9780763648640,Hardback,"Rs1,609.53"
9789351032991,9780763680688,Paperback,Rs980.83
9781407124414,9781486298266,CD-Audio,"Rs1,062.53"
9780439951340,9781407103600,Paperback,Rs599.74
9781407132747,9781407133300,Paperback,Rs702.72
9781407134673,9781407134680,Paperback,Rs627.61
9780141357027,9780141354224,Paperback,Rs683.22
9780141357027,9780141357805,CD-Audio,Rs672.62
9780141331010,9780141345154,Hardback,"Rs1,558.31"
9780141350677,9780141324906,Paperback,Rs560.09
9780141354217,9780141354224,Paperback,Rs683.22
9780141354217,9780141357805,CD-Audio,Rs672.62
9780141324913,9780241355725,CD-Audio,Rs671.27
9780141365091,9780141377094,Paperback,Rs674.48
9780141365091,9780141366555,CD-Audio,Rs651.19
9780141344980,9780141331973,Paperback,Rs570.67
9780230747753,9781509898374,Board book,Rs848.37
9781447287896,9781405021920,Paperback,Rs862.63
9780007935192,9780007357383,Paperback,Rs901.92
9781406319477,9781406382396,Board book,Rs684.76
9780857630780,9780857630049,Hardback,"Rs1,308.72"
9780857630780,9780857632395,Board book,Rs886.16
9781338163001,9781338163018,Hardback,"Rs1,544.73"
9781405053112,9781509817054,Paperback,Rs968.73
