ISBN 13,Age
9780723264644,0+
9780230706507,0+
9781338054200,0+
9780230741690,0+
9781409309567,0+
9780330512688,0+
9780241327050,0+
9780230757493,0+
9780746062609,0+
9780241303795,0+
9781406358780,0+
9780794529987,0+
9781409514244,0+
9781409311744,0+
9780241255162,0+
9780745945248,0+
9780241201503,0+
9780007581863,0+
9780746087299,0+
9780723288619,0+
9780241321164,0+
9781409309062,0+
9780857342003,0+
9781447287896,0+
9780718197193,0+
9781409304616,0+
9780603562563,0+
9780803730472,0+
9781509830404,0+
9780333961445,0+
9780746064443,0+
9781409302193,0+
9781789059755,0+
9780746067031,0+
9780857344953,0+
9781409302209,0+
9780723267058,0+
9780241249239,0+
9780736424202,0+
9780001982611,0+
9781607101895,0+
9780857349880,0+
9781406331264,0+
9781409562467,0+
9780746071489,0+
9781529017571,0+
9781405908191,0+
9781409312079,0+
9780230753129,0+
9780241243251,0+
9781844222452,0+
9780230753204,0+
9780718197858,0+
9781405021906,0+
9781405296892,0+
9781509830442,0+
9780142405802,0+
9781782445012,0+
9780230753167,0+
9780857342904,0+
9780689819865,0+
9781904513407,0+
9780230706477,0+
9781910764541,0+
9781474945585,0+
9780333493595,0+
9780333633397,0+
9781472379153,0+
9780861636167,0+
9781843628583,0+
9780141322735,0+
9781408303801,0+
9781408304419,0+
9780603562013,0+
9781408303788,0+
9780007182466,0+
9780763627881,0+
9781406302165,0+
9781406335859,0+
9781407132747,0+
9781846169984,0+
9780340681121,0+
9781444908657,0+
9780141340821,0+
9780141341880,0+
9781405272926,0+
9781444913446,0+
9780857631930,0+
9781409310341,0+
9780007478330,0+
9780007592753,0+
9780060871215,0+
9780746085592,0+
9780007467686,0+
9780141322636,0+
9780590132695,0+
9780006751038,0+
9781598200348,0+
9781405268035,0+
9780794514662,0+
9780746076941,0+
9780746047132,0+
9780385606066,0+
9780141357270,0+
9780857533197,0+
9780008164652,0+
9780007453566,0+
9780007297801,0+
9780440868354,0+
9780141331010,0+
9780857071187,0+
9780571302543,0+
9781402279959,0+
9781402259340,0+
9780563368090,0+
9780439978668,0+
9780590558075,0+
9780142413838,0+
9780749746681,0+
9781409507895,0+
9780746097007,0+
9780746085622,0+
9780448442556,0+
9781784409104,0+
9781472391025,0+
9781405275552,0+
9780857803054,0+
9781405347426,0+
9780340779163,0+
9780141382418,0+
9781472381996,0+
9781472331496,0+
9781784403065,0+
9781407162614,0+
9781409343981,0+
9781445464800,0+
9781405462945,0+
9781781866382,0+
9781680524628,0+
9781781860359,0+
9780007318018,0+
9781842557228,0+
9780545103671,0+
9781405241793,0+
9781444001143,0+
9780861631940,0+
9780723275848,0+
9780746074619,0+
9781909090859,0+
9781529023541,0+
9781846465901,0+
9781409300151,0+
9781409507024,0+
9781407589374,0+
9781407589152,0+
9780340997130,0+
9781407163413,0+
9781405470872,0+
9781474852906,0+
9781474832885,0+
9781474806381,0+
9781838526283,0+
9780008259679,0+
9781444924862,0+
9780141373027,0+
9789351032991,0+
9781405293747,0+
9781536208689,0+
9781406335835,0+
9780142410356,0+
9780241368206,0+
9780763648633,0+
9780142410332,0+
9781405223102,0+
9781405275699,0+
9781405224086,0+
9780141357027,0+
9781536200768,0+
9781444965575,0+
9780006716679,0+
9780861635917,0+
9780340917763,0+
9780545481946,0+
9780749732134,0+
9781444913439,0+
9781597072397,0+
9781405244732,0+
9781597071727,0+
9780749746704,0+
9781409311751,0+
9781409312192,0+
9780749747886,0+
9780545393515,0+
9780439559737,0+
9780545103688,0+
9780545103718,0+
9781474822589,0+
9781338745405,0+
9781338042887,0+
9780545393492,0+
9781405230384,0+
9781848772403,0+
9781405270168,0+
9781597073486,0+
9780007323135,0+
9780545481915,0+
9780545825597,0+
9781338163001,0+
9780545340977,0+
9780439559720,0+
9780545825573,0+
9780571302567,0+
9781405239585,0+
9780545253079,0+
9780857809674,0+
9780603570490,0+
9780746099247,0+
9780241375877,0+
9781782263586,0+
9781405244763,0+
9781787724082,0+
9780545556248,0+
9781845065928,0+
9781741826265,0+
9780709716518,0+
9781850512660,0+
9780746088609,0+
9781856973854,0+
9781474816564,0+
9780007137282,0+
9781474868518,0+
9781445409955,0+
9781781865798,0+
9781444002263,0+
9780603570582,0+
9781474921336,0+
9781910114513,0+
9781783123681,0+
9781406332254,0+
9788184822243,0+
9788184823844,0+
9781509806973,0+
9781529023473,0+
9781406382372,0+
9780099408390,0+
9780744586602,0+