0-2 years,3-5  years,6-8 years,6-8 Years,9-11 years,12-15 Years,15+ Years
9781407133263,,,9781407234144,9781407234144,,
9781848572300,,,9781597072397,9781597072397,,
9780746041017,,,9781847154613,9781847154613,,
670983109153,,,9781405286039,9781405286039,,
670983081824,,,9780007467686,9780007467686,,
9780746093467,,,9780007941155,9780007941155,,
9780746071489,,,9781409310341,9781409310341,,
9781409562467,,,9780857631930,9780857631930,,
9780794520267,,,9789386313959,9789386313959,,
9780746051597,,,9781405268035,9781405268035,,
9780746056622,,,9780007274635,9780007274635,,
9780746062609,,,9780007476787,9780007476787,,
9780746056615,,,9780141311388,9780141311388,,
9781405247641,,,9781842557228,9781842557228,,
9780230747883,,,9781842551332,9781842551332,,
9780857342003,,,9781842551325,9781842551325,,
9780857346995,,,9781444001143,9781444001143,,
9781409311362,,,9780857079800,9780857079800,,
9781409308416,,,9780857079794,9780857079794,,
9780241243251,,,9781471145537,9781471145537,,
9780746097793,,,9780857071194,9780857071194,,
9780230757226,,,9781405248242,9781405248242,,
9781781972878,,,9781405223102,9781405223102,,
9781845616779,,,9781405253277,9781405253277,,
9781783432615,,,9781405241793,9781405241793,,
9781849158473,,,9781405228169,9781405228169,,
9780746077313,,,9781408304419,9781408304419,,
9780723267201,,,9781846169984,9781846169984,,
9780241343388,,,9781408303788,9781408303788,,
9781844222452,,,9781408303801,9781408303801,,
9780857349880,,,9780439559720,9780439559720,,
9781474865784,,,9780439559652,9780439559652,,
9781474871464,,,9780545481915,9780545481915,,
9781785570445,,,9780439559737,9780439559737,,
9780857346568,,,9780545103688,9780545103688,,
9781789059724,,,9780439014571,9780439014571,,
9780857346551,,,9780439995443,9780439995443,,
9781857141221,,,9780439977722,9780439977722,,
9781848775381,9781848775381,,9781407132747,9781407132747,,
9781848775619,9781848775619,,9780439951340,9780439951340,,
9781848772847,9781848772847,,9781407104942,9781407104942,,
9781406381573,9781406381573,,9781407124414,9781407124414,,
9781406331264,9781406331264,,9781407124407,9781407124407,,
9781526380005,9781526380005,,9781407145105,9781407145105,,
9780723292098,9780723292098,,9780141331010,9780141331010,,
9780230747753,9780230747753,,9780141331980,9780141331980,,
9781861473912,9781861473912,,9780141341880,9780141341880,,
9781447267072,9781447267072,,9780141344980,9780141344980,,
9780745965581,9780745965581,,9780141357027,9780141357027,,
9781849158374,9781849158374,,9780141373027,9780141373027,,
9781784404321,9781784404321,,9780141327655,9780141327655,,
9781785577000,9781785577000,,9780141350677,9780141350677,,
9781785577017,9781785577017,,,9780340917763,,
9781447282525,9781447282525,,,9781405230384,,
9780241243428,9780241243428,,9780340893128,9780340893128,,
9781433505959,9781433505959,,,9780340917725,,
9780859537285,9780859537285,,9780749732134,9780749732134,,
9781846438776,9781846438776,,9781405239585,9781405239585,,
9781846432750,9781846432750,,,9781405228800,,
9780230753167,9780230753167,,9780861631940,9780861631940,,
9781846460326,9781846460326,,9780861636167,9780861636167,,
9780744567847,9780744567847,,,9780603562013,,
9781406319354,9781406319354,,9781444913439,9781444913439,,
9781406319477,9781406319477,,,9781405275699,,
9781849159425,9781849159425,,,9781444924862,,
9780230753204,9780230753204,,9781444913446,9781444913446,,
9781910764541,9781910764541,,,9780749746681,,
9781785577734,,,9781444922431,9781444922431,,
9781786705358,,,,9781444948325,,
9781785577659,,,,9780340681121,,
9781785570704,,,9780749747886,9780749747886,,
9781839039027,,,,9781444908657,,
9781786706607,,,9780749746704,9780749746704,,
9781405241984,,,,9780007371464,,
9781409302209,,,9780008164652,9780008164652,9780008164652,
9780857809674,,,,,9780440868354,
9780241425367,,,,,9780857533197,
9781409302193,,,,9780385606066,,
9781409508946,9781409508946,,,9781843628583,,
9781785989070,9781785989070,,,9781843623045,,
9780241243411,9780241243411,,,9781843628583,,
9781409507895,9781409507895,,,9780744593624,9780744593624,
9781904513568,9781904513568,,,9781406335859,9781406335859,
9781904513407,9781904513407,,,9781406335842,9781406335842,
9780723266983,9780723266983,,,9781406302301,9781406302301,
,9780230752818,,,9781406335866,9781406335866,
,9780857345158,,,9781406302165,9781406302165,
,9780723232544,,,9781406302158,9781406302158,
,9781407576572,,,9781406335880,9781406335880,
,9780670878321,,,9781406335828,9781406335828,
,9781472379153,,9780141322735,9780141322735,9780141322735,
,9781405400619,,9780141322636,9780141322636,9780141322636,
,9781900466363,,9780141311340,9780141311340,9780141311340,
,9781474945585,,,9780141311425,9780141311425,
,9780241244999,,,9780141311326,9780141311326,
,9781447287896,,,,9780141311364,
,9780230760219,,9780224026604,9780224026604,,
,9780230749610,,,,9780006716679,
,9781406319262,,,,9780006716839,
,9781406358780,,,9780007592753,,
,9781509835669,,,9780007174164,,
,9781509834952,,,9781405243728,9781405243728,
,9780007288854,,,9780006751038,9780006751038,
,9780723264644,,,9780007182466,9780007182466,9780007182466
,9780241327050,,,9780590132695,9780590132695,
,9780746086544,,,9780439978668,9780439978668,
,9780862644949,,,9780590558075,9780590558075,
,9780862644956,,,9781405215275,9781405215275,9781405215275
,9780008153977,,,9781405256216,9781405256216,9781405256216
,9780747575368,,,,9780141357270,9780141357270
,9780241316047,,9788184822243,9788184822243,,
,9780241315989,,9788184823844,9788184823844,,
,9780805080780,,,,,9781542016421
,9780198486251,,,,,9781862051201
,9781447285502,,,,,
,9780230757370,,,,,
,9781405903912,,,,,
,9781405908191,,,,,
,9781405904148,,,,,
,9781405907750,,,,,
,9781405906739,,,,,
,9780718197193,,,,,
,9781409304616,,,,,
,9781409304876,,,,,
,9780723271307,,,,,
,9780241210963,,,,,
,9781409309062,,,,,
,9780241411827,,,,,
,9781409306146,,,,,
,9780723271710,,,,,
,9781444903959,,,,,
,9781409312079,,,,,
,9781782957959,,,,,
,9780603570490,,,,,
9781846167843,9781846167843,,,,,
,9781405283342,,,,,
,9781471163746,,,,,
9781406380903,9781406380903,,,,,
,9780746067031,,,,,
9781845067229,9781845067229,,,,,
,9780241422274,,,,,
9781848693685,9781848693685,,,,,
,9781840116830,,,,,
,9780744592894,,,,,
,9781406300390,,,,,
,9781786707710,,,,,
,9781741826609,,,,,
,9781859858929,,,,,
,9781843650959,,,,,
,9781509843954,,,,,
,9780723263586,,,,,
,9780723299356,,,,,
,9780723263654,,,,,
,9781848571426,,,,,
,9780241303795,,,,,
,9781447273424,,,,,
,9780230753099,,,,,
,9780230753129,,,,,
,9781447273431,,,,,
,9781447285465,,,,,
,9781840880793,,,,,
,9781842505496,,,,,
,9781782445036,,,,,
,9781782445029,,,,,
,9781909090859,,,,,
,9781409572138,,,,,
,9781409582052,,,,,
,9781474933841,,,,,
,9781781978115,,,,,
,9781910851227,,,,,
,9781782445012,,,,,
,9781509806973,,,,,
,9781408864050,,,,,
,9780746077337,,,,,
,9780241206133,,,,,
,9780723263272,,,,,
,9781405481779,,,,,
,9781409311744,,,,,
,9781409308577,,,,,
,9780746053089,,,,,
,9780723295914,,,,,
,9781405362870,,,,,
,9781405297851,,,,,
,9781405053105,,,,,
,9781848951235,,,,,
,9781845065928,,,,,
,9781857074291,,,,,
,9781405225502,,,,,
,9781844222810,,,,,
,9781409302230,,,,,
,9780198486527,,,,,
,9780198486435,,,,,
,9780198486244,,,,,
,9781409309567,,,,,
,9781409598206,,,,,
,9781409590729,,,,,
,9780746096604,,,,,
,9781409507161,,,,,
,9781409507048,,,,,
,9781409507055,,,,,
,9781409522270,,,,,
,9781409507031,,,,,
,9780717284832,,,,,
,9780330513845,9780330513845,,,,
,9780723263197,,,,,
,9781789059755,,,,,
,9781788000864,,,,,
,9780744596977,,,,,
,9781408828007,,,,,
,9781840113723,9781840113723,,,,
,9781405053136,9781405053136,,,,
,9780340997130,9780340997130,,,,
,9781444937329,9781444937329,,,,
,9780745945040,9780745945040,,,,
,9781784402129,9781784402129,,,,
,9780333493595,9780333493595,,,,
,9780744586602,9780744586602,,,,
,9780333982235,9780333982235,,,,
,9780744589122,,,,,
,9780007120178,9780007120178,,,,
,9780230741089,9780230741089,,,,
,9781405091008,9781405091008,,,,
,9780140544398,9780140544398,,,,
,9781856130851,,,,,
,9781409557449,,,,,
,9780746077276,,,,,
,9780746077269,,,,,
,9780746077177,,,,,
,9781409577904,,,,,
,9780603574245,9780603574245,,,,
,9780603571916,9780603571916,,,,
,9780099408390,9780099408390,,,,
,9781405288828,9781405288828,,,,
,9781406319835,,,,,
,9780230703810,9780230703810,,,,
,9780747541936,9780747541936,,,,
,9780571365609,,,,,
,9781447202745,9781447202745,,,,
,9781408311257,9781408311257,,,,
,9780857630780,,,,,
,9780230706477,,,,,
,9781405021906,,,,,
,9780330521420,,,,,
,9780333982242,9780333982242,,,,
,9781849560993,9781849560993,,,,
,9781849563048,9781849563048,,,,
,9780744598612,9780744598612,,,,
,9781784937065,9781784937065,,,,
,9780230015838,,,,,
,9780007837823,9780007837823,,,,
,9781787008571,,,,,
,9781783931620,9781783931620,,,,
,9780007878277,9780007878277,,,,
,9781406357707,9781406357707,,,,
,9780330532495,9780330532495,,,,
,9781783446322,,,,,
,9781788436038,,,,,
,9780007150342,9780007150342,,,,
,9780723269830,9780723269830,,,,
,9780333710937,9780333710937,,,,
,9781447202622,9781447202622,,,,
,9780333633397,,,,,
,9780007149698,9780007149698,,,,
,,9781846168840,,,,
,9780007215997,9780007215997,,,,
,9781406329988,9781406329988,,,,
,,9780340779163,,,,
,,9780747550785,,,,
,9781849417792,9781849417792,,,,
,9780140569216,9780140569216,,,,
,9781782955443,9781782955443,,,,
,9780749717780,9780749717780,,,,
,9780230015500,9780230015500,,,,
,,9780007236336,,,,
,,9781481435857,,,,
,,9781406300741,,,,
,,9781849410885,,,,
,,9780141333748,,,,
,9781447202646,9781447202646,,,,
,,9780241255162,,,,
,,9780141501765,,,,
,,9780007155156,,,,
,,9781841215839,,,,
,,9781408330036,,,,
,,9780007935192,,,,
,,9780007935277,,,,
,,9780340877890,,,,
,,9781405286657,,,,
,9780723296287,9780723296287,,,,
,,9780955581106,,,,
,,9781406353310,,,,
,,9780571302543,,,,
,,9780571302567,,,,
,,9781407164816,,,,
,,9789386106308,,,,
,,9781338163001,,,,
,,9781338745405,,,,
,,9781338042801,,,,
,,9780545825573,,,,
,,9780746070208,,,,
,,9780746091661,,,,
,,9780746054048,,,,
,9781409501060,9781409501060,,,,
,,9780857510747,,,,
,9780723273387,9780723273387,,,,
,,9780723273899,,,,
,,9780718194635,,,,
,,9781474975926,,,,
,,9780007786800,,,,
,,9781405221757,,,,
,9780167486596,,,,,
,9780198486220,,,,,
,9780198486183,,,,,
,9780198486602,,,,,
,9780198486626,,,,,
,9780198486343,,,,,
,,9780603562563,,,,
,,9781409306337,,,,
,,9781409306283,,,,
,,9780563368090,,,,
,9780746085592,9780746085592,,,,
,,9780746077078,,,,
,9780746070529,9780746070529,,,,
,,9781409561897,,,,
,,9781409535911,,,,
,,9780746075746,,,,
,,9780746077665,,,,
,,9781409506690,,,,
,9781409598251,,,,,
,,9780746060025,,,,
,,9780746097007,,,,
,,9780746067789,,,,
,,9780746085622,,,,
,9780746096536,,,,,
,,9780723294481,,,,
,,9781409311126,,,,
,,9781474895194,,,,
,,9780746080467,,,,
,,9780746074411,,,,
,,9781844615674,,,,
,,9781844615728,,,,
,,9781844615827,,,,
,,9781844615681,,,,
,,9781844615841,,,,
,,9781844615858,,,,
,,9781842737392,,,,
,,9781407163413,,,,
,,9781407162614,,,,
,,9781409343981,,,,
,,9781846465215,,,,
,,9780007318018,,,,
,,9780241201503,,,,
,,9780670886241,,,,
,,9781910114513,,,,
,,9781784403065,,,,
,,9781912295067,,,,
,,9780141382401,,,,
,,9780141382418,,,,
,,9781442406629,,,,
,,9781407124377,,,,
,,9781848772267,,,,
,,9780141382098,,,,
,,9780001982611,,,,
,,9781838526283,,,,
,,9781474832885,,,,
,,9781405462945,,,,
,,9781405470872,,,,
,,9781781866382,,,,
,,9781445409955,,,,
,,9781474812399,,,,
,,9781407589374,,,,
,,9781405347426,,,,
,,9781405275552,,,,
9781409549833,,,,,,
9781474921640,,,,,,
9780746073681,,,,,,
9781409566557,,,,,,
9781409308386,,,,,,
9781409570523,,,,,,
9781909090132,,,,,,
9781845616762,,,,,,
9781405345248,9781405345248,,,,,
9789461950512,9789461950512,,,,,
9781783939237,9781783939237,,,,,
9781406339086,9781406339086,,,,,
9781509892419,9781509892419,,,,,
9780857633484,9780857633484,,,,,
9781447209959,9781447209959,,,,,
9781848695818,9781848695818,,,,,
9781784404963,9781784404963,,,,,
9780857349903,9780857349903,,,,,
9781509842742,9781509842742,,,,,
9781447243113,9781447243113,,,,,
9780723255789,9780723255789,,,,,
9780008298364,9780008298364,,,,,
9780230713109,9780230713109,,,,,
,9781407139326,9781407139326,,,,
,9780008159757,9780008159757,,,,
,9781849937801,9781849937801,,,,
,9780008180362,9780008180362,,,,
,9781786702654,9781786702654,,,,
,9780744588583,9780744588583,,,,
,9781407115566,9781407115566,,,,
,9781405034692,9781405034692,,,,
,9780007494002,9780007494002,,,,
,9781845063795,9781845063795,,,,
,9780744575521,9780744575521,,,,
,9781781710227,9781781710227,,,,
,9780552561860,9780552561860,,,,
,9780552575195,9780552575195,,,,
,9780141386645,9780141386645,,,,
,9780857074416,9780857074416,,,,
,9780552575188,9780552575188,,,,
,9781785573996,9781785573996,,,,
,9781407115597,9781407115597,,,,
,9781406376111,9781406376111,,,,
,9781409580454,9781409580454,,,,
,9781447210856,9781447210856,,,,
,9781780656199,9781780656199,,,,
,9781780653297,9781780653297,,,,
,9781785984310,9781785984310,,,,
,9781783938094,9781783938094,,,,
,9780008172718,9780008172718,,,,
,9781407166902,9781407166902,,,,
,9781407145679,9781407145679,,,,
,9781408849828,9781408849828,,,,
,9780007586776,9780007586776,,,,
,9780007347056,9780007347056,,,,
,9780007171286,9780007171286,,,,
,9781841211145,9781841211145,,,,
,9780007140091,9780007140091,,,,
,9780007119714,9780007119714,,,,
,,9780001713062,,,,
,,9781848773783,,,,
,,9781447240204,,,,
,,9781409536963,,,,
,,9781910851203,,,,
,,9781910851012,,,,
,,9781840118605,,,,
,,9781846162992,,,,
,,9780746080634,,,,
,,9781474827829,,,,
,,9781789055153,,,,
,,9781785710223,,,,
,,9781474827850,,,,
,,9781472327499,,,,
,,9781445487762,,,,
,,9781789052367,,,,
,,9781445483566,,,,
,,9781407561387,,,,
,,9780333960653,,,,
,,9781406307986,,,,
,,9781445422480,,,,
,,9781445481555,,,,
,,9781407583884,,,,
,,9781472349446,,,,
,,9781910916544,,,,
,,9780224022934,,,,
,,9780375867125,,,,
,,9780710516923,,,,
,,9781503706965,,,,
,9780141381138,,,,,
,9780241137857,,,,,
,9780230753112,,,,,
,9780230753105,,,,,
,9781447273424,,,,,
,9781447273417,,,,,
,9780805047905,,,,,
9781783939244,9781783939244,,,,,
,9780761157205,,,,,
,9781474834667,,,,,
,9781471122149,,,,,
,9781785579400,,,,,
,9781849588522,,,,,
,9781786709479,,,,,
,9781741219197,,,,,
,9781782448914,,,,,
,9780007260478,,,,,
,9781474801041,,,,,
,9781406361650,,,,,
,9781407139630,,,,,
,9780723288589,,,,,
,9781409312147,,,,,
,9780723292098,,,,,
,9780723292104,,,,,
,9780723271710,,,,,
,9780723275848,,,,,
,9780230747722,,,,,
,9781447285502,,,,,
,9781509815876,,,,,
,9781447251811,,,,,
,9780857072252,,,,,
,9781848772656,,,,,
,9781849155632,,,,,
,9781848526983,,,,,
,9780603560439,,,,,
,9781449418762,,,,,
,9781846465819,,,,,
,9781784402785,,,,,
,9781503747272,,,,,
,9780857342881,,,,,
,9780241321133,,,,,
,9781845068219,,,,,
,9780746062210,,,,,
,9780746069547,,,,,
,9780241277577,,,,,
,9780307176073,,,,,
,9781785570476,,,,,
,8184372787768,,,,,
,9781405053112,,,,,
,9781782098201,,,,,
,9780399165337,,,,,
,9780230743083,,,,,
,9781856130813,,,,,
9781405090223,9781405090223,,,,,
,9780192792969,,,,,
,9781529051476,,,,,
,9781789056549,,,,,
,9781408331705,,,,,
,9781509827466,,,,,
,9781406304589,,,,,
,9781848798823,,,,,
,9781444902631,,,,,
,9781474922333,,,,,
,9780007171316,,,,,
,9780857631671,,,,,
,9781844222575,9781844222575,,,,
,9781786702562,,,,,
,9780857803047,,,,,
,9780857344908,,,,,
,9780857809988,,,,,
,9780857809971,,,,,
,9780746069424,,,,,
,9781405089227,,,,,
,9780746097939,,,,,
,9780746069509,,,,,
,9780746088777,,,,,
,9781409519058,9781409519058,,,,
,9781474921336,9781474921336,,,,
,,9781406305876,,,,
,,9781406305869,,,,
9780716660071,9780716660071,,,,,
9781474857215,9781474857215,9781474857215,,,,
9780670878321,9780670878321,,,,,
9780857341549,9780857341549,9780857341549,,,,
9780752586045,9780752586045,9780752586045,,,,
9780744544473,9780744544473,9780744544473,,,,
9780746070796,9780746070796,9780746070796,,,,
9781405307079,9781405307079,9781405307079,,,,
9780603570582,9780603570582,9780603570582,,,,
9781741826265,9781741826265,9781741826265,,,,
9781842709801,9781842709801,9781842709801,,,,
9780752529929,9780752529929,,,,,
,9780746098240,9780746098240,,,,
9781842363843,9781842363843,9781842363843,,,,
9781409500391,9781409500391,9781409500391,,,,
9781405406062,9781405406062,9781405406062,,,,
9781848105454,9781848105454,,,,,
9781848101555,9781848101555,9781848101555,,,,
9781782090694,9781782090694,9781782090694,,,,
9781842369449,9781842369449,9781842369449,,,,
9780721497723,9780721497723,,,,,
9781407513874,9781407513874,,,,,
9781409524663,9781409524663,,,,,
9780723263319,9780723263319,,,,,
9780141356594,9780141356594,,,,,
9780857805706,9780857805706,,,,,
9780744581768,9780744581768,,,,,
,9780746087299,9780746087299,,,,
,9780746047132,9780746047132,,,,
,9781856131421,,,,,
,9780241291740,,,,,
,9781788008495,,,,,